2026-04-14_14-54-45,0,main.go:2026-04-14_14-54-45
2026-04-14_14-54-47,0,main.go:2026-04-14_14-54-45
2026-04-14_14-54-48,0,main.go:2026-04-14_14-54-45
2026-04-14_14-54-49,0,main.go:2026-04-14_14-54-45
2026-04-14_14-54-50,0,main.go:2026-04-14_14-54-45
2026-04-14_14-54-50,0,main.go:2026-04-14_14-54-45
2026-04-14_14-54-50,0,main.go:2026-04-14_14-54-45
2026-04-14_14-54-51,0,main.go:2026-04-14_14-54-45
2026-04-14_14-54-51,0,main.go:2026-04-14_14-54-45
2026-04-14_14-54-53,0,main.go:2026-04-14_14-54-45
2026-04-14_14-55-57,0,main.go:2026-04-14_14-55-57
2026-04-14_14-56-14,16,main.go:2026-04-14_14-56-14
2026-04-14_14-56-58,16,main.go:2026-04-14_14-56-58
2026-04-14_14-57-35,0,main.go:2026-04-14_14-57-35
2026-04-14_15-00-06,16,main.go:2026-04-14_15-00-06
2026-04-14_15-13-13,0,main.go:2026-04-14_15-13-13
2026-04-14_15-16-31,16,main.go:2026-04-14_15-16-31
2026-04-14_16-35-50,0,main.go:2026-04-14_16-35-50
2026-04-14_16-35-52,0,main.go:2026-04-14_16-35-50
2026-04-14_16-36-50,33,main.go:2026-04-14_16-36-50
2026-04-14_16-37-55,33,main.go:2026-04-14_16-37-55
2026-04-14_16-40-31,50,main.go:2026-04-14_16-40-31
2026-04-14_16-55-18,50,main.go:2026-04-14_16-40-31
2026-04-14_17-00-59,50,main.go:2026-04-14_17-00-59
2026-04-14_17-01-00,50,main.go:2026-04-14_17-00-59
2026-04-14_20-06-11,50,main.go:2026-04-14_17-00-59
2026-04-21_23-39-58,50,main.go:2026-04-14_17-00-59
2026-04-21_23-50-44,66,main.go:2026-04-21_23-50-44
2026-04-21_23-51-38,66,main.go:2026-04-21_23-51-38
2026-04-21_23-52-58,83,main.go:2026-04-21_23-52-58
2026-04-21_23-55-06,0,main.go:2026-04-21_23-55-06
2026-04-22_00-03-07,100,main.go:2026-04-22_00-03-07
