2026-03-30_15-51-00,0,shell.go:2026-03-30_15-51-00
2026-03-30_15-51-31,0,shell.go:2026-03-30_15-51-31
2026-04-01_08-36-27,0,shell.go:2026-04-01_08-36-27
2026-04-01_08-36-32,0,shell.go:2026-04-01_08-36-27
2026-04-01_08-36-33,0,shell.go:2026-04-01_08-36-27
2026-04-01_08-36-34,0,shell.go:2026-04-01_08-36-27
2026-04-01_08-36-34,0,shell.go:2026-04-01_08-36-27
2026-04-01_08-36-35,0,shell.go:2026-04-01_08-36-27
2026-04-01_08-36-35,0,shell.go:2026-04-01_08-36-27
2026-04-01_08-36-36,0,shell.go:2026-04-01_08-36-27
2026-04-01_08-43-44,0,shell.go:2026-04-01_08-43-44
2026-04-01_08-50-15,37,shell.go:2026-04-01_08-50-15
2026-04-01_08-53-21,50,shell.go:2026-04-01_08-53-21
2026-04-01_08-56-03,62,shell.go:2026-04-01_08-56-03
2026-04-01_09-06-56,62,shell.go:2026-04-01_09-06-56
2026-04-01_09-07-29,62,shell.go:2026-04-01_09-07-29
2026-04-01_09-08-30,75,shell.go:2026-04-01_09-08-30
2026-04-01_09-10-36,87,shell.go:2026-04-01_09-10-36
2026-04-01_09-11-33,100,shell.go:2026-04-01_09-11-33
