2026-03-17_10-52-12,25,draft.go:2026-03-17_10-52-12
2026-03-17_11-04-03,25,draft.go:2026-03-17_11-04-03
2026-03-17_11-05-49,25,draft.go:2026-03-17_11-05-49
2026-03-17_11-15-23,25,draft.go:2026-03-17_11-15-23
2026-03-17_11-16-54,25,draft.go:2026-03-17_11-16-54
2026-03-17_11-16-56,25,draft.go:2026-03-17_11-16-54
2026-03-17_11-16-58,25,draft.go:2026-03-17_11-16-54
2026-03-17_11-16-59,25,draft.go:2026-03-17_11-16-54
2026-03-17_11-17-00,25,draft.go:2026-03-17_11-16-54
2026-03-17_11-17-01,25,draft.go:2026-03-17_11-16-54
2026-03-17_11-17-02,25,draft.go:2026-03-17_11-16-54
2026-03-17_11-17-43,25,draft.go:2026-03-17_11-17-43
2026-03-17_11-19-06,25,draft.go:2026-03-17_11-19-06
2026-03-17_14-18-19,---,draft.go:2026-03-17_11-19-06
2026-03-17_14-20-05,25,draft.go:2026-03-17_11-19-06
2026-03-17_14-38-04,100,draft.go:2026-03-17_14-38-04
2026-03-17_14-54-10,75,draft.go:2026-03-17_14-54-10
2026-03-17_14-56-00,100,draft.go:2026-03-17_14-56-00
