2026-06-10_00-30-15,0,main.go:2026-06-10_00-30-15;stack.go:2026-06-10_00-30-15
2026-06-10_00-30-16,0,main.go:2026-06-10_00-30-15;stack.go:2026-06-10_00-30-15
2026-06-10_00-30-38,0,main.go:2026-06-10_00-30-15;stack.go:2026-06-10_00-30-15
2026-06-10_00-31-18,0,main.go:2026-06-10_00-30-15;stack.go:2026-06-10_00-30-15
2026-06-10_00-45-31,0,main.go:2026-06-10_00-45-31;stack.go:2026-06-10_00-30-15
2026-06-10_00-58-36,0,main.go:2026-06-10_00-58-36;stack.go:2026-06-10_00-58-36
2026-06-10_00-58-38,0,main.go:2026-06-10_00-58-36;stack.go:2026-06-10_00-58-36
2026-06-10_00-59-09,0,main.go:2026-06-10_00-58-36;stack.go:2026-06-10_00-58-36
2026-06-10_00-59-17,0,main.go:2026-06-10_00-58-36;stack.go:2026-06-10_00-58-36
2026-06-10_01-01-15,0,main.go:2026-06-10_00-58-36;stack.go:2026-06-10_00-58-36
2026-06-10_01-04-40,0,main.go:2026-06-10_01-04-40;stack.go:2026-06-10_00-58-36
2026-06-10_01-04-58,0,main.go:2026-06-10_01-04-58;stack.go:2026-06-10_00-58-36
2026-06-10_01-06-39,0,main.go:2026-06-10_01-06-39;stack.go:2026-06-10_00-58-36
2026-06-10_01-07-36,0,main.go:2026-06-10_01-07-36;stack.go:2026-06-10_00-58-36
2026-06-10_01-08-46,100,main.go:2026-06-10_01-08-46;stack.go:2026-06-10_00-58-36
