2026-04-28_16-06-42,0,draft.go:2026-04-28_16-06-42
2026-04-28_16-06-43,0,draft.go:2026-04-28_16-06-42
2026-04-28_16-06-46,0,draft.go:2026-04-28_16-06-42
2026-04-28_16-10-37,0,draft.go:2026-04-28_16-10-37
2026-04-28_16-12-08,0,draft.go:2026-04-28_16-12-08
2026-04-28_16-13-23,0,draft.go:2026-04-28_16-13-23
2026-04-28_16-13-24,0,draft.go:2026-04-28_16-13-23
2026-04-28_16-13-49,0,draft.go:2026-04-28_16-13-49
2026-04-28_16-14-15,0,draft.go:2026-04-28_16-14-15
2026-04-28_16-20-40,0,draft.go:2026-04-28_16-20-40
2026-04-28_16-20-41,0,draft.go:2026-04-28_16-20-40
2026-04-28_16-22-10,0,draft.go:2026-04-28_16-22-10
2026-04-28_16-25-30,0,draft.go:2026-04-28_16-25-30
2026-04-28_16-27-53,0,draft.go:2026-04-28_16-25-30
2026-04-28_16-30-43,0,draft.go:2026-04-28_16-25-30
2026-04-28_16-40-47,28,draft.go:2026-04-28_16-40-47
2026-04-28_16-41-32,0,draft.go:2026-04-28_16-41-32
2026-04-28_16-42-32,100,draft.go:2026-04-28_16-42-32
2026-04-28_16-43-06,100,draft.go:2026-04-28_16-42-32
