2026-03-23_16-40-00,0,draft.go:2026-03-23_16-40-00
2026-03-24_08-38-38,0,draft.go:2026-03-24_08-38-38
2026-03-24_08-40-49,0,draft.go:2026-03-24_08-40-49
2026-03-24_08-43-43,0,draft.go:2026-03-24_08-43-43
2026-03-24_08-44-38,0,draft.go:2026-03-24_08-44-38
2026-03-24_08-44-42,0,draft.go:2026-03-24_08-44-38
2026-03-24_08-44-43,0,draft.go:2026-03-24_08-44-38
2026-03-24_08-44-44,0,draft.go:2026-03-24_08-44-38
2026-03-24_08-44-50,0,draft.go:2026-03-24_08-44-38
2026-03-24_08-44-51,0,draft.go:2026-03-24_08-44-38
2026-03-24_08-45-40,0,draft.go:2026-03-24_08-44-38
2026-03-24_08-46-04,100,draft.go:2026-03-24_08-46-04
