2026-04-23_07-51-10,0,main.go:2026-04-23_07-51-10
2026-04-23_20-46-53,0,main.go:2026-04-23_07-51-10
2026-04-23_20-46-54,0,main.go:2026-04-23_07-51-10
2026-04-23_20-46-54,0,main.go:2026-04-23_07-51-10
2026-04-23_22-23-46,0,main.go:2026-04-23_07-51-10
2026-04-23_22-23-47,0,main.go:2026-04-23_07-51-10
2026-04-23_22-23-53,0,main.go:2026-04-23_07-51-10
2026-04-23_23-38-43,0,main.go:2026-04-23_23-38-43
2026-04-23_23-38-44,0,main.go:2026-04-23_23-38-43
2026-04-23_23-40-44,0,main.go:2026-04-23_23-40-44
2026-04-23_23-42-13,0,main.go:2026-04-23_23-42-13
2026-04-23_23-43-28,0,main.go:2026-04-23_23-43-28
2026-04-23_23-45-55,100,main.go:2026-04-23_23-45-55
2026-04-23_23-46-19,100,main.go:2026-04-23_23-45-55
