2026-04-22_23-49-52,44,main.go:2026-04-22_23-49-52
2026-04-22_23-58-01,22,main.go:2026-04-22_23-58-01
2026-04-22_23-58-02,22,main.go:2026-04-22_23-58-01
2026-04-22_23-58-51,11,main.go:2026-04-22_23-58-51
2026-04-22_23-58-54,11,main.go:2026-04-22_23-58-51
2026-04-22_23-59-13,11,main.go:2026-04-22_23-59-13
2026-04-22_23-59-29,11,main.go:2026-04-22_23-59-29
2026-04-23_00-03-10,44,main.go:2026-04-23_00-03-10
2026-04-23_00-03-12,44,main.go:2026-04-23_00-03-10
2026-04-23_00-07-35,66,main.go:2026-04-23_00-07-35
2026-04-23_00-08-20,100,main.go:2026-04-23_00-08-20
2026-04-23_00-08-33,100,main.go:2026-04-23_00-08-20
