2026-03-24_10-54-38,0,shell.go:2026-03-24_10-54-38
2026-03-24_10-54-39,0,shell.go:2026-03-24_10-54-38
2026-03-24_15-55-59,0,shell.go:2026-03-24_15-55-59
2026-03-24_16-05-10,0,shell.go:2026-03-24_16-05-10
2026-03-24_16-24-03,0,shell.go:2026-03-24_16-24-03
2026-03-24_16-30-38,71,shell.go:2026-03-24_16-30-38
2026-03-24_16-32-56,71,shell.go:2026-03-24_16-32-56
2026-03-24_16-33-31,85,shell.go:2026-03-24_16-33-31
2026-03-24_16-36-05,85,shell.go:2026-03-24_16-33-31
2026-03-24_16-36-15,85,shell.go:2026-03-24_16-33-31
2026-03-24_16-36-20,85,shell.go:2026-03-24_16-33-31
2026-03-24_16-36-24,85,shell.go:2026-03-24_16-33-31
